sexo;idade;formacao;curso;anoFormacao;tempoProfissional;tempoFuncao;funcao;metodologia;existenciaProjeto;mesesNoProjeto;@12.Emrelaçãoassuascaracterísticasporfavorresponda;S1;S2;S3;C2;C3;C4;C1;EM4;EM1;EM3;EM2;T3;T1;T4;T2;I2;I1;I4;I3;Desvio
Feminino;27;Especialização;Engenharia da Computação;2021;2;3;Testador;Ágil;1;6; ;6;6;6;6;6;6;6;6;6;6;6;6;6;6;5;6;6;6;6;0,229415734
Feminino;23;Superior incompleto;Ciência da computação;2021;1;1;Desenvolvedor;Ágil;30;11; ;7;7;7;7;7;7;7;7;7;7;6;7;7;7;7;7;7;7;7;0,229415734
Masculino;29;Superior incompleto;Sistemas WEB;2020;11;4;Desenvolvedor;Ágil;0;0; ;6;6;6;6;6;6;6;6;6;6;6;6;6;7;6;6;6;6;6;0,229415734
Masculino;30;Especialização;Ciência da computação;2014;5;5;Gerente;Híbrida;12;12; ;6;7;6;7;7;7;7;7;7;7;7;7;7;7;7;7;7;7;7;0,315301768
Masculino;34;Doutorado;Ciência da computação;2023;9;2;Gerente;Híbrida;2;2; ;7;7;7;7;6;7;6;7;7;7;7;7;7;7;7;7;7;7;7;0,315301768
Masculino;25;Superior incompleto;Sistemas de Informação;2020;4;4;Desenvolvedor;Ágil;5;5; ;7;7;7;7;6;7;7;7;7;7;7;6;7;7;7;7;7;7;7;0,315301768
Masculino;31;Superior completo;Sistemas de Informação;2013;5;5;Testador;Ágil;16;2; ;7;7;7;7;7;7;7;7;6;6;7;7;7;6;7;7;7;7;7;0,374634325
Masculino;31;Superior incompleto;Sistemas de Informação;2020;6;6;Analista;Tradicional;6;6; ;6;6;6;6;6;6;6;6;7;7;6;6;6;7;6;7;6;6;6;0,418853908
Masculino;28;Superior incompleto;Ciência da computação;2021;7;7;Desenvolvedor;Híbrida;50;8; ;6;6;6;6;5;5;6;6;6;6;5;6;6;6;5;6;6;6;6;0,418853908
Masculino;24;Superior incompleto;Ciência da computação;2020;4;2;Desenvolvedor;Ágil;11;11; ;7;6;7;7;7;7;7;7;6;6;7;7;7;7;7;7;6;7;7;0,418853908
Masculino;25;Superior incompleto;Ciência da computação;2021;2;1;Desenvolvedor;Híbrida;2;2; ;7;7;6;7;7;7;6;6;7;7;6;7;7;7;7;7;7;7;7;0,418853908
Feminino;36;Doutorado;Ciência da computação;2020;13;13;Analista;Híbrida;120;110; ;7;7;7;6;6;7;7;7;7;7;7;6;7;7;7;7;7;6;6;0,452413928
Masculino;37;Doutorado;Engenharia de Software;2017;11;3;DBA;Ágil;7;7; ;7;6;7;7;7;6;7;6;7;7;7;7;7;6;7;7;7;7;6;0,452413928
Masculino;30;Mestrado;Ciência da computação;2016;5;2;Desenvolvedor;Ágil;200;7; ;5;5;6;6;6;6;6;6;6;5;6;6;6;6;6;5;6;6;5;0,452413928
Masculino;48;Superior completo;Ciência da computação;1996;28;28;Desenvolvedor;Ágil;30;24; ;7;7;7;7;7;7;7;7;5;7;7;7;7;7;7;7;7;7;7;0,458831468
Masculino;36;Mestrado;Ciência da computação;2009;15;13;Gerente;Ágil;21;21; ;6;6;6;6;6;6;6;7;6;6;5;5;6;6;5;6;6;6;6;0,458831468
Masculino;29;Especialização;Análise e desenvolvimento de sistemas;2018;6;6;Desenvolvedor;Ágil;12;3; ;7;7;7;7;7;7;7;7;7;7;7;7;7;7;7;7;7;7;5;0,458831468
Masculino;21;Superior incompleto;Sistemas de Informação;2022;2;2;Desenvolvedor;Ágil;12;8; ;7;7;7;7;7;7;7;7;7;7;7;7;7;7;7;7;7;7;5;0,458831468
Masculino;27;Especialização;Análise e Desenvolvimento de Sistemas;2015;7;6;Desenvolvedor;Ágil;11;11; ;7;7;6;7;7;6;7;6;7;6;6;7;7;7;7;6;7;7;7;0,477566933
Masculino;27;Especialização;engenharia de software;2017;7;4;Desenvolvedor;Híbrida;2;2; ;6;7;6;7;6;6;7;7;6;7;7;7;7;7;7;7;6;7;7;0,477566933
Masculino;27;Técnico;Sistemas de Informação;2017;4;4;Desenvolvedor;Híbrida;12;12; ;7;7;7;6;7;6;6;7;7;7;7;6;7;7;7;7;6;6;7;0,477566933
Masculino;28;Especialização;Sistemas de Informação;2013;9;7;Analista;Ágil;24;2; ;6;6;6;7;7;6;6;7;7;7;6;7;7;7;7;7;7;7;6;0,495594628
Masculino;25;Superior incompleto;Ciência da computação;2019;3;3;Desenvolvedor;Híbrida;26;26; ;7;7;7;6;6;6;7;7;7;7;6;6;6;7;7;7;7;7;6;0,495594628
Masculino;29;Superior incompleto;Ciência da computação;2020;2;1;Desenvolvedor;Ágil;20;6; ;6;7;6;7;6;7;7;6;7;6;6;6;7;7;7;7;7;7;7;0,495594628
Masculino;22;Superior incompleto;Ciência da computação;2020;3;1;DBA;Ágil;3;3; ;5;7;7;7;7;7;7;6;7;7;7;7;7;7;7;7;7;7;7;0,501459857
Masculino;36;Superior completo;Sistemas de Informação;2011;11;8;Testador;Ágil;204;120; ;7;7;7;7;7;5;6;7;7;7;7;7;7;7;7;7;7;7;7;0,501459857
Masculino;24;Superior incompleto;Ciência da computação;2021;0,6;0,6;Desenvolvedor;Ágil;8;0,5; ;7;7;6;7;6;7;7;6;6;6;6;7;7;6;7;7;7;7;6;0,507257274
Masculino;25;Superior completo;Sistemas de Informação;2019;6;2;Desenvolvedor;Ágil;4;4; ;6;7;7;6;7;6;6;6;6;6;6;7;7;6;6;7;6;7;7;0,507257274
Masculino;46;Mestrado;Ciência da computação;2014;26;3;Gerente;Ágil;12;12; ;6;6;6;7;7;6;6;6;6;7;7;7;6;7;7;7;6;7;6;0,512989176
Masculino;44;Mestrado;Sistemas de Informação;2015;9;12;Desenvolvedor;Ágil;36;5; ;5;5;5;4;4;5;5;5;5;4;4;4;5;5;5;4;4;4;4;0,512989176
Masculino;45;Especialização;Engenharia Eletrônica;2007;21;8;Gerente;Ágil;24;24; ;6;6;6;5;6;5;6;6;7;5;6;6;6;6;6;6;6;6;7;0,52426501
Feminino;20;Superior incompleto;Análise e Desenvolvimento de Sistemas;2021;1;1;Desenvolvedor;Híbrida;3;1; ;4;5;5;5;6;4;4;5;5;5;4;4;5;4;5;5;5;5;5;0,561951487
Masculino;26;Mestrado;Ciência da computação;2018;2;2;Desenvolvedor;Tradicional;5;3; ;7;7;7;7;6;5;7;7;6;6;7;7;7;7;7;7;7;7;7;0,561951487
Masculino;31;Superior completo;Ciência da computação;2011;8;3;Desenvolvedor;Ágil;8;4; ;4;5;5;4;5;4;5;5;5;5;5;4;6;5;5;6;5;5;5;0,567130873
Masculino;32;Superior completo;Engenharia da Computação;2014;6;6;Desenvolvedor;Ágil;12;12; ;6;6;6;5;6;6;7;6;6;6;6;7;6;5;6;7;6;7;6;0,567130873
Feminino;27;Mestrado;Ciência da computação;2018;3;3;Desenvolvedor;Ágil;28;7; ;6;6;6;6;6;6;6;6;6;4;6;7;6;6;6;7;6;6;6;0,577350269
Masculino;25;Superior completo;Desenvolvimento de Games;2018;2;2;Desenvolvedor;Ágil;28;4; ;6;5;7;7;7;6;7;7;7;7;7;7;7;7;7;7;6;7;6;0,582392725
Masculino;27;Superior completo;Sistemas de Informação;2018;4;3;Desenvolvedor;Híbrida;16;2; ;6;7;7;7;6;7;5;7;7;6;7;7;7;7;7;7;7;7;6;0,582392725
Masculino;23;Superior completo;Ciência da computação;2017;5;1;Desenvolvedor;Híbrida;12;1; ;7;7;7;6;6;7;7;7;7;6;6;7;5;6;7;7;7;7;7;0,59726472
Masculino;22;Superior completo;Sistemas de Informação;2019;2,5;2,5;Desenvolvedor;Ágil;6;1; ;7;7;7;6;6;6;7;7;6;7;5;7;7;7;7;7;7;7;6;0,59726472
Masculino;34;Doutorado;Ciência da computação;2023;9;8;Gerente;Híbrida;2;2; ;7;7;7;7;6;7;5;6;7;7;6;6;7;7;7;7;7;6;7;0,59726472
Masculino;53;Especialização;Ciência da computação;1997;32;16;Gerente;Híbrida;0;0; ;7;7;6;7;6;5;6;6;7;7;6;7;7;7;7;7;7;7;7;0,59726472
Feminino;38;Mestrado;Ciência da computação;2015;16;4;Desenvolvedor;Ágil;7;7; ;6;7;6;6;6;6;6;6;6;5;5;7;7;6;6;7;7;6;6;0,602140432
Masculino;35;Especialização;Ciência da computação;2013;8;6;Analista;Híbrida;5;2; ;6;7;6;7;6;5;6;6;6;7;6;6;5;6;6;7;7;6;6;0,602140432
Masculino;26;Superior completo;Ciência da computação;2017;3;3;Desenvolvedor;Ágil;11;11; ;6;6;6;7;5;6;7;6;6;6;6;6;7;5;7;7;6;6;6;0,602140432
Feminino;42;Especialização;MBA em gestão de projetos;2013;25;4;Gerente;Híbrida;5;4; ;6;7;6;5;6;7;6;7;6;7;6;7;7;6;7;6;7;7;6;0,606976979
Masculino;32;Especialização;Ciência da computação;2014;5;5;Testador;Ágil;36;11; ;6;7;7;7;6;5;7;7;6;7;6;6;7;7;7;7;7;7;6;0,606976979
Masculino;33;Especialização;Sistemas de Informação;2012;8;8;Analista;Ágil;36;11; ;7;7;6;6;7;5;7;7;7;7;7;7;6;6;7;7;7;6;6;0,606976979
Masculino;35;Especialização;Ciência da computação;2016;8;2;Desenvolvedor;Ágil;52;5; ;7;6;7;7;6;5;6;6;6;7;6;6;7;7;7;7;6;6;7;0,606976979
Masculino;37;Especialização;Sistemas de Informação;2010;15;10;Desenvolvedor;Híbrida;6;6; ;6;6;6;7;6;7;5;7;6;6;6;7;7;7;7;6;6;7;7;0,606976979
Masculino;36;Mestrado;Ciência da computação;2019;7;3;Desenvolvedor;Híbrida;4;3; ;6;5;5;5;6;5;6;5;6;6;4;6;6;6;6;5;6;5;5;0,61177529
Masculino;24;Superior completo;Ciência da computação;2018;3;3;Analista;Ágil;48;22; ;6;6;6;6;6;6;7;7;7;7;6;7;7;5;7;6;7;7;7;0,61177529
Masculino;27;Especialização;Engenharia de Software;2014;9;8;Gerente;Ágil;12;8; ;7;7;6;7;6;6;7;5;7;7;6;7;6;7;6;6;7;6;7;0,61177529
Masculino;50;Superior completo;Ciência da computação;1995;25;15;Analista;Híbrida;2;1; ;5;7;6;6;7;7;7;6;7;6;6;7;7;7;6;7;7;7;6;0,61177529
Masculino;26;Superior incompleto;ADS;2019;8;5;Desenvolvedor;Ágil;120;10; ;5;5;5;5;5;5;6;5;5;5;4;5;5;5;5;7;5;4;5;0,621260744
Feminino;51;Especialização;Ciência da computação;2009;29;11;Gerente;Ágil;15;5; ;6;6;6;6;5;7;6;5;6;6;6;6;5;5;6;7;5;5;6;0,630603535
Masculino;30;Mestrado;Engenharia da Computação;2016;10;8;Desenvolvedor;Híbrida;18;4; ;5;7;6;5;6;6;6;6;5;6;5;6;6;5;5;7;6;6;6;0,630603535
Masculino;25;Superior completo;Sistemas de Informação;2018;4;4;Desenvolvedor;Híbrida;14;1; ;7;7;6;5;6;6;6;7;6;5;6;6;6;7;6;7;7;6;6;0,630603535
Masculino;25;Superior completo;Sistemas de Informação;2017;4;4;Desenvolvedor;Ágil;3;3; ;7;5;7;7;7;7;7;7;7;7;7;7;7;5;7;7;7;7;7;0,630603535
Masculino;47;Mestrado;Sistemas de Informação;2010;28;24;Analista;Tradicional;90;6; ;4;4;6;5;4;3;5;4;5;5;5;5;5;5;5;5;5;5;5;0,653376296
Masculino;31;Especialização;Sistemas de Informação;2015;12;6;Gerente;Híbrida;18;18; ;5;6;5;7;7;7;7;7;7;7;7;7;7;7;7;7;7;7;7;0,653376296
Masculino;32;Superior completo;Sistemas de Informação;2010;11;3;Gerente;Ágil;6;6; ;6;5;6;5;5;6;6;6;6;6;6;7;4;6;6;6;6;5;6;0,653376296
Feminino;26;Especialização;Sistemas de Informação;2017;4;2;Desenvolvedor;Híbrida;10;2; ;6;7;6;5;6;5;7;5;6;5;6;6;6;6;6;7;7;6;6;0,666666667
Masculino;42;Especialização;Sistemas de Informação;2010;20;18;DBA;Ágil;2;2; ;7;7;7;5;7;5;7;7;7;7;7;7;7;7;7;7;7;6;6;0,671038298
Masculino;28;Superior incompleto;Tecnólogo em Sistemas para Internet;2020;10;1;Desenvolvedor;Tradicional;10;3; ;6;6;5;7;7;6;5;6;6;7;6;6;7;7;7;7;6;7;7;0,683985568
Masculino;25;Superior incompleto;Ciência da computação;2019;3;2;Desenvolvedor;Híbrida;11;11; ;6;6;5;6;5;6;6;4;5;5;5;6;5;5;6;6;5;6;4;0,683985568
Masculino;28;Mestrado;Sistemas de Informação;2018;6;6;Desenvolvedor;Ágil;10;6; ;7;5;6;6;6;5;7;6;6;6;5;6;6;7;6;7;7;6;7;0,688247202
Masculino;32;Mestrado;Ciência da computação;2012;11;3;Desenvolvedor;Ágil;11;11; ;5;7;6;7;7;7;7;6;7;7;6;7;5;7;6;7;7;7;7;0,692482609
Masculino;26;Superior completo;Análise e Desenvolvimento de Sistemas;2015;7;6;Desenvolvedor;Ágil;300;1; ;5;7;6;7;7;6;7;7;7;6;5;7;7;6;7;7;7;7;7;0,692482609
Feminino;29;Superior completo;Sistemas de Informação;2019;3;1;Desenvolvedor;Ágil;6;6; ;7;7;5;6;6;5;7;6;6;7;6;6;7;7;7;7;7;7;7;0,696692268
Feminino;27;Superior completo;Sistemas de Informação;2015;3;2;Testador;Ágil;5;5; ;7;7;6;5;7;7;7;6;6;7;6;7;5;7;6;7;7;7;7;0,696692268
Masculino;25;Superior completo;Engenharia de Controle e Automação;2018;3;3;Desenvolvedor;Ágil;36;12; ;5;7;7;7;5;7;6;6;7;6;7;7;6;6;7;7;7;7;7;0,696692268
Masculino;28;Superior incompleto;Ciência da computação;2019;5;5;Testador;Ágil;24;14; ;6;7;7;7;5;7;6;7;6;6;6;7;7;7;7;5;6;7;7;0,696692268
Feminino;23;Superior incompleto;Análise e desenvolvimento de sistemas;2020;1.9;1.9;Desenvolvedor;Ágil;24;3; ;6;6;6;6;7;5;4;7;6;6;6;6;6;6;6;7;6;6;7;0,705036186
Feminino;27;Superior completo;Sistemas de Informação;2017;2;1,5;Testador;Tradicional;18;18; ;5;6;7;6;5;5;6;6;7;6;5;5;6;6;7;7;6;6;6;0,705036186
Masculino;44;Doutorado;Ciência da computação;2006;20;10;Gerente;Ágil;36;36; ;6;5;6;7;7;5;6;5;6;5;6;7;6;6;7;7;6;6;6;0,705036186
Masculino;28;Superior completo;Sistemas de Informação;2015;6;3;DBA;Ágil;12;1; ;5;7;6;5;6;6;6;5;6;6;6;6;6;7;7;6;7;7;5;0,705036186
Masculino;29;Superior completo;Engenharia da Computação;2016;3;2;Desenvolvedor;Ágil;36;3; ;4;6;4;5;5;4;5;4;4;5;5;5;5;4;5;6;6;4;5;0,713282504
Masculino;23;Especialização;Desenvolvimento de aplicações móveis;2020;5;5;Desenvolvedor;Híbrida;10;10; ;7;7;6;7;7;7;4;7;7;7;7;7;7;7;7;7;7;7;7;0,713282504
Masculino;36;Mestrado;Ciência da computação;2006;11;6;Analista;Híbrida;12;36; ;7;7;7;7;7;7;7;6;7;7;4;7;7;7;7;7;7;7;7;0,713282504
Masculino;39;Especialização;Ciência da computação;2018;15;1;Desenvolvedor;Ágil;36;4; ;7;7;6;7;6;6;7;6;5;6;5;6;5;6;6;7;7;7;7;0,733492806
Masculino;24;Superior completo;Sistemas de Informação;2018;2;2;Desenvolvedor;Ágil;48;24; ;7;7;5;6;6;5;6;6;6;7;5;7;6;6;7;7;7;7;6;0,733492806
Masculino;27;Superior completo;Administração;2018;6;1;Analista;Ágil;6;6; ;7;5;6;6;6;6;6;5;7;7;5;6;7;6;7;7;7;6;7;0,733492806
Masculino;21;Mestrado;Ciência da computação;2021;3;1;Analista;Ágil;6;6; ;6;7;5;7;7;5;6;7;6;6;6;7;6;5;7;7;7;6;6;0,733492806
Masculino;30;Superior incompleto;Analise de Desenvolvimento de Sistemas;2019;7;6;Desenvolvedor;Híbrida;24;1; ;5;6;5;7;7;7;6;5;6;6;6;5;6;7;6;7;6;7;6;0,737468406
Feminino;27;Superior completo;Sistemas de Informação;2016;5;5;Desenvolvedor;Ágil;12;2; ;7;7;7;7;7;7;7;7;5;5;5;7;7;7;7;7;7;7;7;0,749268649
Feminino;25;Especialização;Engenharia de Software;2018;6;1;DBA;Ágil;36;36; ;6;6;6;5;5;6;7;5;6;7;6;7;7;6;7;7;7;7;7;0,749268649
Masculino;34;Especialização;Ciência da computação;2008;14;6;Desenvolvedor;Ágil;12;3; ;5;6;6;6;6;5;4;5;6;5;6;7;6;6;5;7;6;6;5;0,749268649
Masculino;28;Especialização;Ciência da computação;2017;7;1;Gerente;Ágil;24;6; ;6;4;6;6;5;5;6;6;7;6;6;5;6;5;5;7;6;6;5;0,749268649
Feminino;59;Doutorado;Ciência da computação;2019;20;15;Gerente;Híbrida;18;18; ;6;5;7;6;5;6;7;6;7;7;6;7;5;7;7;7;7;6;7;0,76088591
Masculino;41;Superior completo;Gestão em TI;2016;20;10;Gerente;Ágil;4;1; ;6;7;6;7;7;6;7;6;5;6;5;7;7;7;7;7;5;7;6;0,76088591
Masculino;35;Doutorado;Ciência da computação;2014;14;10;Gerente;Ágil;3;3; ;7;7;6;7;7;5;7;7;7;6;6;5;5;7;6;7;6;7;6;0,76088591
Masculino;29;Superior completo;Ciência da computação;2015;7;7;Desenvolvedor;Ágil;10;10; ;5;6;5;5;5;5;6;6;5;6;5;7;5;7;7;5;6;6;5;0,76088591
Masculino;33;Mestrado;Ciência da computação;0;10;8;DBA;Híbrida;10;10; ;6;6;7;7;7;7;6;5;6;6;6;7;7;6;6;5;5;7;5;0,764719113
Masculino;42;Superior completo;Processamento de Dados;2000;20;10;DBA;Ágil;3;3; ;6;7;6;6;6;6;7;6;6;7;6;6;5;4;7;7;7;6;6;0,764719113
Masculino;28;Especialização;Engenharia da Computação;2019;5;4;Gerente;Ágil;24;24; ;7;5;5;6;6;5;7;7;7;7;7;6;6;5;6;6;6;6;7;0,764719113
Masculino;32;Superior completo;Sistemas de Informação;2017;15;11;Desenvolvedor;Híbrida;8;8; ;5;7;6;7;7;7;7;6;5;7;5;7;7;7;7;7;7;7;7;0,768533197
Masculino;41;Superior completo;Análise e Desenvolvimento de software;2017;5;5;DBA;Tradicional;3;3; ;7;7;5;5;7;7;6;7;7;5;6;7;7;7;7;7;7;7;7;0,768533197
Feminino;20;Superior incompleto;Design;2022;3;2;Designer;Ágil;2;2; ;5;7;6;5;7;7;6;7;7;7;7;5;6;7;7;7;7;6;7;0,772328446
Masculino;34;Mestrado;Ciência da computação;2010;13;13;Desenvolvedor;Híbrida;20;20; ;6;4;4;6;5;5;6;6;6;5;5;6;7;5;6;5;5;6;6;0,772328446
Masculino;36;Superior completo;Ciência da computação;2017;11;8;Desenvolvedor;Híbrida;12;0; ;5;6;6;4;5;6;5;4;6;6;5;5;6;5;6;7;5;6;6;0,772328446
Masculino;30;Superior completo;Ciência da computação;2010;11;11;Desenvolvedor;Ágil;5;5; ;6;6;4;7;5;6;5;5;5;5;5;6;5;5;6;7;6;6;5;0,772328446
Masculino;27;Superior completo;Análise e Desenvolvimento de Sistemas;2017;3;1;Desenvolvedor;Ágil;60;35; ;7;7;6;7;7;7;6;5;7;7;5;7;5;7;6;7;7;7;7;0,772328446
Masculino;35;Superior completo;Ciência da computação;2006;12;10;Desenvolvedor;Híbrida;24;6; ;5;7;6;7;6;6;7;6;6;6;4;6;6;7;7;6;6;6;5;0,779863536
Masculino;30;Superior completo;Sistemas de Informação;2015;13;13;Desenvolvedor;Ágil;10;10; ;6;6;7;6;4;6;7;5;6;6;5;6;6;5;6;7;6;6;7;0,779863536
Masculino;22;Superior completo;Sistemas de Informação;2019;1;1;Desenvolvedor;Ágil;42;15; ;6;7;5;5;6;5;7;6;6;5;5;6;7;6;7;7;7;6;6;0,779863536
Masculino;23;Superior incompleto;Sistemas de Informação;2020;4;1;Analista;Ágil;4;10; ;6;6;5;6;6;5;6;7;6;5;5;6;7;5;5;7;6;7;7;0,779863536
Feminino;23;Superior incompleto;Ti;2016;1;1;Analista;Híbrida;12;2; ;4;5;4;4;5;4;5;4;4;5;4;6;6;4;5;6;5;6;5;0,787326515
Masculino;33;Mestrado;Engenharia de Software;2016;9;9;Desenvolvedor;Ágil;36;24; ;7;6;6;5;5;6;6;6;6;6;4;5;5;6;6;7;7;6;5;0,787326515
Masculino;33;Superior completo;Ciência da computação;2009;11;11;Desenvolvedor;Ágil;5;3; ;6;7;6;6;6;4;7;6;6;7;7;6;6;5;7;7;6;7;7;0,805681579
Masculino;43;Superior completo;Ciência da computação;2011;27;17;Desenvolvedor;Ágil;4;4; ;6;6;6;5;5;5;5;5;5;6;5;6;7;6;7;7;7;6;7;0,809302638
Masculino;31;Doutorado;Ciência da computação;2020;8;6;Analista;Ágil;3;2; ;5;7;6;5;5;6;7;7;6;6;6;6;5;6;7;7;7;5;7;0,809302638
Masculino;25;Especialização;Sistemas de Informação;2012;7;6;Desenvolvedor;Híbrida;3;3; ;7;5;7;6;5;6;7;6;6;7;7;5;5;5;6;7;7;6;6;0,809302638
Masculino;27;Superior completo;Sistemas de Informação;2013;9;9;Analista;Ágil;48;40; ;6;6;6;4;5;5;7;5;6;6;7;5;5;6;6;5;7;5;6;0,820069887
Masculino;40;Especialização;Sistemas de Informação;2020;16;16;Analista;Ágil;60;12; ;7;7;7;7;5;4;7;7;7;7;7;6;7;7;7;7;7;7;7;0,820069887
Masculino;37;Mestrado;Engenharia da Computação;2018;17;4;Desenvolvedor;Híbrida;8;8; ;6;6;5;5;6;5;5;5;6;4;6;6;7;4;6;6;6;7;6;0,830697586
Feminino;19;Superior incompleto;Ciência da computação;2021;2;2;Desenvolvedor;Ágil;3;3; ;7;6;6;6;6;5;7;6;7;6;7;5;4;5;5;6;6;6;5;0,834210065
Masculino;36;Superior completo;Engenharia da Computação;2010;13;7;Desenvolvedor;Híbrida;18;18; ;5;6;5;6;6;7;6;5;4;6;6;6;5;5;7;7;6;7;6;0,834210065
Feminino;24;Superior completo;Ciência da computação;2016;6;6;DBA;Híbrida;60;14; ;5;6;4;4;5;4;4;4;4;5;6;5;4;4;5;6;6;5;6;0,834210065
Masculino;25;Superior incompleto;Sistemas de Informação;2019;8;4;Desenvolvedor;Híbrida;10;9; ;7;7;7;6;6;4;6;6;7;6;6;7;7;5;7;7;7;7;7;0,837707817
Masculino;34;Especialização;Sistemas para internet;2010;15;6;Designer;Híbrida;7;7; ;7;7;5;7;7;4;6;6;7;7;7;7;7;7;6;7;7;7;7;0,837707817
Masculino;35;Mestrado;Informática;2021;9;9;DBA;Híbrida;24;12; ;5;6;7;6;5;5;6;5;5;5;4;5;6;4;6;7;5;5;6;0,837707817
Masculino;26;Especialização;Ciência da computação;2018;4;4;Testador;Híbrida;120;25; ;6;7;5;5;6;5;7;5;5;5;5;5;6;5;6;7;4;5;6;0,841191024
Masculino;30;Superior completo;Sistemas de Informação;2012;4;11;DBA;Ágil;24;24; ;7;7;6;6;6;7;7;7;7;6;7;7;4;5;7;7;7;6;7;0,841191024
Masculino;27;Mestrado;Ciência da computação;2015;7;4;Desenvolvedor;Ágil;12;12; ;7;7;4;6;7;5;7;6;7;6;7;6;7;7;7;7;7;7;7;0,841191024
Feminino;24;Superior completo;Sistemas para Internet;2018;2;1;Desenvolvedor;Ágil;10;10; ;6;6;6;7;5;4;7;6;7;5;7;7;6;5;6;7;6;6;6;0,848114524
Masculino;29;Mestrado;Ciência da computação;2019;5;5;Desenvolvedor;Ágil;48;19; ;7;7;4;6;7;6;6;6;6;6;6;5;6;5;5;7;7;6;7;0,848114524
Masculino;34;Especialização;Sistemas de Informação;2012;10;5;Desenvolvedor;Híbrida;2;2; ;4;7;6;6;6;5;7;6;6;5;5;5;5;6;6;6;7;5;7;0,85498196
Masculino;22;Superior incompleto;Técnico em Programação;2014;4;4;Desenvolvedor;Híbrida;5;5; ;5;5;7;4;5;6;7;6;6;6;5;5;6;5;7;7;6;6;6;0,85498196
Masculino;32;Superior completo;Sistemas de Informação;2011;11;7;Desenvolvedor;Ágil;10;10; ;5;7;7;7;7;6;6;6;5;5;5;7;7;5;7;7;7;7;6;0,87191394
Masculino;25;Superior incompleto;Analise e Desenvolvimento de sistemas;2020;4;4;Desenvolvedor;Híbrida;120;24; ;6;6;7;7;7;5;6;5;7;5;5;5;6;6;6;6;5;5;4;0,87191394
Masculino;29;Mestrado;Engenharia da Computação;2016;3;2;Testador;Ágil;2;2; ;6;7;6;5;6;6;6;5;6;6;4;7;7;7;5;6;5;7;5;0,87526103
Feminino;31;Mestrado;Sistemas de Informação;2016;6;6;Testador;Híbrida;72;27; ;4;4;4;6;5;5;5;5;3;5;5;6;6;5;6;6;6;5;4;0,881917104
Masculino;32;Especialização;Engenharia da Computação;2013;12;2;Analista;Ágil;6;6; ;6;5;6;7;7;7;6;6;6;6;6;6;6;4;6;7;6;7;4;0,881917104
Feminino;29;Especialização;Ciência da computação;2011;7;5;Gerente;Ágil;20;20; ;7;7;5;6;5;5;7;7;7;7;7;6;5;7;5;7;7;6;7;0,885226373
Masculino;23;Especialização;Pós Em Banco de Dados;2020;5;2;Desenvolvedor;Tradicional;36;24; ;5;5;7;7;7;6;7;5;5;7;6;7;7;5;7;7;7;6;7;0,885226373
Masculino;26;Superior completo;Sistemas de Informação;2018;3;3;Desenvolvedor;Ágil;6;6; ;3;6;6;6;7;7;6;5;6;6;5;6;6;5;6;6;6;5;5;0,885226373
Feminino;46;Mestrado;Ciência da computação;2002;15;15;Desenvolvedor;Ágil;1;1; ;3;5;2;3;4;5;4;4;5;4;4;4;5;5;5;5;5;5;5;0,885226373
Feminino;31;Especialização;Agronegócio;2017;11;2;Gerente;Ágil;6;6; ;7;7;7;6;5;4;7;7;7;6;6;7;7;5;7;7;6;7;6;0,895080773
Feminino;25;Superior completo;Ciência da computação;2018;1.4;1;Desenvolvedor;Híbrida;5;6; ;5;6;4;5;4;5;6;5;4;4;4;4;3;3;5;5;4;4;3;0,895080773
Masculino;35;Superior incompleto;Sistemas de Informação;2019;10;10;Testador;Ágil;2;2; ;6;6;5;7;6;6;7;6;6;6;5;5;5;6;5;7;4;4;5;0,895080773
Masculino;42;Especialização;Ciência da computação;2009;20;11;Desenvolvedor;Tradicional;6;2; ;7;7;7;5;5;5;7;6;5;5;6;7;7;7;7;7;7;7;7;0,895080773
Masculino;29;Superior completo;Engenharia mecânica;2016;10;10;Desenvolvedor;Ágil;1;1; ;7;5;4;5;5;7;6;7;6;7;5;5;5;5;6;5;6;6;5;0,895080773
Masculino;26;Superior completo;Engenharia da Computação;2015;7;3;Gerente;Ágil;6;6; ;6;6;7;7;7;5;7;7;6;7;6;7;4;7;5;7;6;7;7;0,895080773
Masculino;20;Superior completo;Ciência da computação;2019;2;2;Desenvolvedor;Ágil;24;12; ;6;6;5;5;4;5;5;6;4;6;4;6;6;4;6;7;5;6;6;0,895080773
Masculino;28;Doutorado;Ciência da computação;2023;7;2;Analista;Híbrida;2;2; ;5;6;5;5;7;6;6;3;5;6;6;5;6;5;4;6;6;5;5;0,895080773
Masculino;36;Superior completo;Engenharia da Computação;2009;14;14;Gerente;Ágil;60;16; ;5;7;6;5;5;6;6;4;4;6;5;7;6;6;6;6;7;5;5;0,895080773
Masculino;22;Superior incompleto;Engenharia de software;2019;3;3;Desenvolvedor;Híbrida;6;8; ;7;7;5;4;6;7;7;6;5;6;6;7;7;7;7;7;7;7;6;0,895080773
Masculino;26;Mestrado;Ciência da computação;2019;2;2;Desenvolvedor;Híbrida;3;3; ;5;4;4;3;4;3;5;4;5;6;4;5;5;6;5;5;5;4;6;0,895080773
Feminino;24;Superior completo;Sistemas de Informação;2018;5;1;Analista;Híbrida;6;3; ;6;7;6;5;4;5;6;6;7;6;6;6;7;7;5;7;7;7;7;0,898341552
Masculino;20;Superior incompleto;Ciência da computação;2020;2;1;Desenvolvedor;Híbrida;6;6; ;5;6;6;7;6;4;7;6;7;6;5;5;5;5;6;7;7;6;5;0,898341552
Masculino;33;Superior completo;Ciência da computação;2016;12;5;Analista;Ágil;8;2; ;6;7;3;6;6;6;6;6;5;6;6;6;6;6;5;7;7;6;5;0,898341552
Masculino;31;Especialização;Ciência da computação;2014;8;8;Testador;Ágil;12;9; ;6;6;5;5;5;6;6;5;5;6;4;4;7;5;6;7;7;5;6;0,901590537
Masculino;24;Superior incompleto;Ciência da computação;2023;2;1;Desenvolvedor;Tradicional;5;5; ;5;6;5;5;5;6;6;6;4;5;5;7;4;4;6;7;5;6;6;0,901590537
Masculino;31;Superior completo;Sistemas de Informação;2008;10;8;Analista;Híbrida;6;6; ;5;7;6;7;4;5;6;6;5;5;5;5;4;6;4;5;6;6;6;0,901590537
Masculino;24;Superior completo;Ciência da computação;2018;5;5;Desenvolvedor;Ágil;5;5; ;7;7;5;7;7;7;6;7;7;7;4;7;7;7;7;7;7;7;5;0,901590537
Masculino;22;Superior incompleto;Ciência da computação;2020;2;2;Desenvolvedor;Ágil;14;14; ;4;5;4;6;5;5;5;5;6;6;5;4;5;6;6;7;6;6;7;0,901590537
Masculino;22;Superior incompleto;Sistemas de Informação;2019;10;10;Infraestrutura;Tradicional;1;1; ;6;5;4;5;5;5;7;6;5;5;6;7;5;7;4;6;6;6;5;0,904827857
Masculino;24;Superior incompleto;Ciência da computação;2020;10;2;Testador;Tradicional;48;13; ;7;7;7;7;7;5;7;7;7;7;6;5;7;4;7;7;7;6;7;0,904827857
Masculino;24;Superior incompleto;Ciência da computação;2022;4;4;Desenvolvedor;Ágil;6;1; ;7;7;5;7;6;7;7;6;5;7;4;7;7;7;7;7;7;7;6;0,904827857
Masculino;25;Superior incompleto;Design Gráfico;2020;5;2;Designer;Ágil;24;12; ;5;6;5;6;6;6;6;5;4;5;5;6;7;7;7;7;7;6;7;0,911267994
Masculino;30;Especialização;Analise e Desenvolvimento de Sistemas;2012;9;9;Desenvolvedor;Ágil;36;22; ;6;6;6;6;4;3;4;5;5;5;4;5;5;5;6;6;6;6;6;0,917662935
Masculino;23;Superior incompleto;Engenharia da Computação;2019;1;1;Desenvolvedor;Híbrida;1;1; ;5;7;7;6;6;5;7;5;5;6;4;5;6;7;5;7;6;5;6;0,917662935
Masculino;40;Superior completo;Ciência da computação;2001;18;15;Testador;Híbrida;36;30; ;3;4;4;4;4;5;5;6;4;4;4;5;5;5;6;6;6;5;6;0,917662935
Feminino;25;Superior completo;Engenharia da Computação;2017;4;3;Testador;Ágil;1000;36; ;5;5;5;7;5;4;7;6;6;6;5;6;4;6;6;7;6;7;6;0,933458638
Masculino;38;Especialização;Ciência da computação;2009;10;10;Desenvolvedor;Ágil;12;12; ;6;7;7;6;7;5;7;5;7;5;6;6;7;4;7;7;7;7;6;0,933458638
Masculino;39;Especialização;Sistemas de Informação;2004;15;15;Desenvolvedor;Ágil;12;2; ;4;5;4;7;6;5;7;7;6;7;6;5;5;6;6;6;5;6;6;0,933458638
Feminino;30;Mestrado;Ciência da computação;2012;5;5;Analista;Ágil;3;2; ;4;5;4;4;4;4;4;6;4;5;5;4;6;6;6;4;6;6;6;0,936585812
Feminino;22;Superior incompleto;Análise e Desenvolvimento de Sistemas;2021;3;3;Testador;Híbrida;15;10; ;5;3;4;5;5;4;4;4;6;7;5;4;5;5;5;6;5;5;6;0,936585812
Masculino;31;Doutorado;Ciência da computação;2019;4;2;Desenvolvedor;Ágil;14;3; ;6;6;4;5;7;6;5;6;6;6;4;5;6;7;7;7;7;6;6;0,936585812
Masculino;24;Superior completo;Ciência da computação;2018;4;2;Analista;Híbrida;60;20; ;4;5;7;5;6;7;7;7;6;6;6;5;6;5;7;7;7;6;7;0,936585812
Masculino;26;Mestrado;Estatística;2018;1.5;1.5;DBA;Híbrida;8;8; ;6;7;4;6;6;6;7;6;6;5;6;4;5;7;6;5;7;7;6;0,936585812
Masculino;28;Superior completo;Ciência da computação;2014;6;6;Desenvolvedor;Híbrida;6;6; ;6;7;7;3;6;5;6;6;5;6;6;6;6;7;6;7;6;7;6;0,942809042
Masculino;27;Mestrado;Ciência da computação;2020;5;3;Analista;Ágil;12;4; ;5;7;4;7;7;6;6;6;5;5;5;6;5;6;6;7;7;7;7;0,942809042
Masculino;32;Superior completo;Ciência da computação;2012;6;4;Desenvolvedor;Híbrida;144;36; ;7;5;5;5;7;6;6;6;7;7;5;5;5;7;7;7;5;7;5;0,942809042
Feminino;35;Mestrado;Ciência da computação;2012;14;14;Analista;Híbrida;6;6; ;6;6;5;6;5;5;5;4;7;5;6;7;5;7;6;7;6;4;6;0,945905303
Feminino;24;Superior completo;Engenharia da Computação;2019;3;3;Desenvolvedor;Ágil;15;13; ;5;6;7;7;7;5;7;7;7;6;5;6;4;6;7;7;7;7;7;0,945905303
Masculino;29;Superior completo;Sistemas de Informação;2012;8;5;Testador;Ágil;11;11; ;6;7;4;5;5;6;7;6;6;5;6;5;5;5;4;7;6;7;6;0,945905303
Masculino;29;Superior completo;Sistemas de Informação;2019;10;10;Desenvolvedor;Ágil;24;14; ;5;7;6;4;5;3;6;6;5;6;6;4;5;5;6;6;5;5;6;0,945905303
Masculino;42;Superior completo;Sistemas de Informação;2013;6;6;Analista;Ágil;18;18; ;6;7;5;7;7;7;7;7;7;6;7;7;4;5;6;6;5;7;7;0,945905303
Masculino;41;Especialização;Sistemas de Informação;2000;21;1;Gerente;Híbrida;12;12; ;7;7;5;6;7;5;7;6;7;6;7;7;4;6;7;5;7;7;7;0,945905303
Feminino;50;Especialização;Pós Graduação Projetos Ágeis;2019;23;8;Gerente;Ágil;7;7; ;7;7;7;7;7;5;6;7;6;5;7;5;4;7;7;7;7;6;7;0,955133866
Masculino;36;Superior completo;Sistemas de Informação;2007;13;4;Gerente;Ágil;30;30; ;4;5;5;6;5;5;6;5;6;5;5;5;4;4;5;7;7;6;7;0,955133866
Masculino;38;Superior incompleto;Gestão Tecnologia da informação;2021;25;3;DBA;Híbrida;0;0; ;7;7;4;7;7;7;4;7;7;6;7;7;7;7;7;7;7;7;7;0,955133866
Masculino;35;Mestrado;Ciência da computação;2014;15;5;Gerente;Ágil;4;4; ;6;5;5;5;5;4;7;5;5;6;6;5;6;4;7;7;5;5;4;0,955133866
Masculino;29;Superior completo;Ciência da computação;2015;9;5;Desenvolvedor;Ágil;5;5; ;6;7;7;7;5;7;7;7;7;7;7;5;7;7;4;7;5;6;6;0,955133866
Feminino;28;Mestrado;Ciência da computação;2019;5;5;Desenvolvedor;Ágil;24;24; ;6;6;5;5;6;4;6;6;7;6;7;7;5;4;7;7;6;5;6;0,958190302
Masculino;43;Mestrado;Ciência da computação;1999;20;5;Gerente;Ágil;3;3; ;7;7;6;4;5;5;7;5;6;6;7;5;7;6;7;7;7;6;7;0,958190302
Masculino;24;Mestrado;Ciência da computação;2019;41;11;Gerente;Ágil;30;9; ;7;7;7;7;7;4;7;6;7;6;5;5;6;5;5;7;6;6;7;0,958190302
Masculino;40;Especialização;Sistemas de Informação;2019;18;2;Analista;Ágil;120;36; ;6;6;7;6;6;5;6;4;7;7;6;7;7;7;7;6;4;7;6;0,958190302
Masculino;30;Mestrado;Ciência da computação;2018;9;9;Desenvolvedor;Ágil;1;1; ;5;7;5;5;7;5;6;5;7;6;6;7;7;4;7;5;6;6;5;0,958190302
Masculino;40;Mestrado;Ciência da computação;2021;17;8;Gerente;Híbrida;24;24; ;6;5;4;5;5;4;7;6;6;6;6;6;7;6;7;7;6;5;7;0,958190302
Masculino;31;Especialização;Ciência da computação;2012;5;1;Desenvolvedor;Ágil;3;1; ;7;7;5;7;7;7;5;6;7;4;5;7;7;7;7;7;7;6;7;0,96123702
Masculino;30;Especialização;Banco de Dados;2015;7;7;Testador;Ágil;20;20; ;6;5;4;6;6;4;7;6;4;5;5;5;5;6;7;7;6;6;6;0,96123702
Masculino;29;Superior completo;Sistemas de Informação;2019;2;2;Desenvolvedor;Ágil;36;24; ;6;7;4;5;7;6;5;5;4;4;5;5;5;5;6;7;6;5;6;0,96123702
Masculino;26;Especialização;Ciência da computação;2016;3;3;Testador;Híbrida;6;1; ;7;7;7;7;5;4;5;6;7;7;5;6;7;7;7;7;7;7;7;0,96123702
Masculino;33;Superior completo;Ciência da computação;2009;10;10;Desenvolvedor;Ágil;10;1; ;6;6;6;6;5;5;7;7;5;6;4;4;4;6;5;7;5;6;6;0,96123702
Masculino;27;Superior completo;Sistemas de Informação;2018;5;1;Analista;Ágil;12;9; ;7;7;5;5;7;7;7;5;7;7;7;7;7;7;7;7;7;7;4;0,964274111
Masculino;33;Especialização;Sistemas de Informação;2014;10;3;Gerente;Ágil;8;8; ;6;6;7;6;5;4;6;4;6;4;4;6;6;5;6;7;6;6;5;0,964274111
Masculino;32;Superior completo;Sistemas de Informação;2019;8;5;Desenvolvedor;Ágil;13;8; ;7;7;5;7;5;7;7;4;6;5;6;7;5;6;6;7;7;7;7;0,976328005
Masculino;23;Superior incompleto;Engenharia da Computação;2021;1;1;Gerente;Ágil;8;8; ;5;7;6;6;7;7;6;5;4;6;5;7;7;7;7;7;7;7;5;0,976328005
Masculino;26;Mestrado;Engenharia da Computação;2020;3;4;Analista;Híbrida;4;4; ;3;5;5;4;5;6;6;4;5;5;4;6;6;5;6;7;6;6;5;0,976328005
Masculino;25;Superior completo;Sistemas de Informação;2016;4;4;Desenvolvedor;Ágil;36;3; ;6;7;5;5;7;5;6;7;7;5;4;6;7;7;7;7;7;6;7;0,976328005
Feminino;23;Superior incompleto;Análise de Sistemas;2020;3;3;Analista;Ágil;2;2; ;7;7;6;6;7;4;4;6;6;5;5;5;6;6;6;6;7;4;6;0,991189256
Feminino;24;Superior incompleto;Sistemas de Informação;2020;2;2;Desenvolvedor;Ágil;144;7; ;6;6;3;6;6;4;5;5;5;6;6;5;7;6;5;4;5;4;6;0,991189256
Masculino;56;Especialização;Sistemas de Informação;2019;35;10;DBA;Ágil;2;2; ;5;5;7;6;5;6;7;3;6;5;6;7;7;6;6;5;5;6;6;0,991189256
Masculino;36;Mestrado;Engenharia da Computação;2019;9;1;DBA;Ágil;4;4; ;7;5;6;6;4;6;7;7;7;6;7;5;6;7;6;7;4;6;7;0,994134847
Masculino;26;Superior completo;Ciência da computação;2019;10;4;Desenvolvedor;Ágil;7;5; ;4;5;5;6;4;5;6;4;5;5;4;6;6;4;7;7;5;4;5;0,994134847
Masculino;28;Superior completo;Sistemas de Informação;2017;4;4;Desenvolvedor;Tradicional;6;6; ;4;5;7;5;7;6;7;6;6;5;5;6;7;7;5;7;7;7;7;0,994134847
Masculino;24;Superior completo;Sistemas de Informação;2018;2;2;Desenvolvedor;Ágil;12;12; ;7;7;6;5;5;4;6;7;5;6;5;7;7;5;7;7;7;6;7;0,994134847
Masculino;30;Superior completo;Analise e Desenvolvimento de Sistemas;2019;3;2;Desenvolvedor;Híbrida;3;1; ;7;6;4;7;7;5;7;6;6;5;6;7;7;6;5;6;6;4;5;0,994134847
Masculino;38;Superior incompleto;Sistemas de Informação;2023;18;15;Desenvolvedor;Tradicional;14;14; ;7;7;5;5;5;7;6;6;5;5;5;7;4;6;6;7;7;7;7;1
Masculino;45;Especialização;Sistemas de Informação;2000;25;20;Desenvolvedor;Híbrida;10;5; ;6;4;4;7;6;5;6;6;5;5;5;6;6;4;4;7;5;6;4;1,002919714
Masculino;29;Superior completo;Análise e desenvolvimento de Sistemas;2015;9;4;Analista;Híbrida;4;4; ;7;7;6;6;7;3;7;6;7;6;6;6;7;5;7;7;7;7;6;1,002919714
Feminino;22;Superior incompleto;Ciência da computação;2021;1;1;Desenvolvedor;Ágil;6;1; ;5;6;4;5;6;4;4;5;6;5;5;6;5;4;7;7;7;5;6;1,011628298
Masculino;31;Mestrado;Ciência da computação;2009;10;8;Desenvolvedor;Ágil;7;3; ;5;6;6;5;7;5;7;4;5;5;5;4;6;4;6;6;7;4;5;1,011628298
Masculino;31;Especialização;Sistemas de Informação;2016;9;9;Analista;Ágil;1;1; ;5;6;7;7;6;5;7;7;7;6;7;6;4;4;7;7;7;6;6;1,014514547
Masculino;31;Superior completo;Sistemas de Informação;2016;7;6;Desenvolvedor;Híbrida;12;5; ;6;6;7;7;5;5;7;5;7;5;5;5;4;5;7;6;7;7;5;1,014514547
Feminino;29;Mestrado;Ciência da computação;2015;5;5;Testador;Híbrida;60;10; ;6;7;7;4;7;7;7;5;4;7;7;7;7;7;7;7;7;7;7;1,020262551
Masculino;39;Superior incompleto;Sistemas de Informação;2020;26;1;Gerente;Híbrida;39;36; ;6;7;7;7;4;7;7;7;7;7;6;5;4;7;7;7;7;7;7;1,020262551
Masculino;22;Superior completo;Análise e desenvolvimento de Sistemas;2019;2;2;Desenvolvedor;Ágil;9;4; ;6;6;7;7;6;4;5;6;6;5;5;7;7;4;7;7;7;5;6;1,025978352
Masculino;29;Especialização;Sistemas de Informação;2017;7;7;Analista;Híbrida;360;14; ;7;7;7;6;6;4;7;7;7;7;5;5;6;4;7;6;6;7;7;1,031662486
Masculino;30;Especialização;Ciência da computação;2013;9;6;Desenvolvedor;Ágil;60;2; ;6;6;6;5;6;3;5;6;5;6;7;7;5;4;7;6;7;6;6;1,045737659
Masculino;29;Superior incompleto;Ciência da computação;2019;7;6;Desenvolvedor;Ágil;8;8; ;5;4;4;7;5;7;5;7;7;7;7;6;5;6;6;5;6;5;5;1,045737659
Feminino;20;Superior incompleto;Engenharia da Computação;2021;2;2;Desenvolvedor;Ágil;1;1; ;4;6;5;3;4;5;6;5;4;3;4;5;5;6;5;7;5;5;6;1,048530021
Feminino;23;Superior incompleto;Ciência da computação;2020;3;1;Analista;Híbrida;6;1; ;6;7;6;4;6;4;7;5;5;6;6;5;5;7;7;7;7;5;7;1,048530021
Masculino;23;Superior completo;Sistemas de Informação;2016;5;4;Desenvolvedor;Ágil;24;12; ;5;6;3;5;4;4;6;6;4;5;4;6;4;5;6;7;6;5;6;1,048530021
Masculino;27;Mestrado;Ciência da computação;2020;3;3;Desenvolvedor;Ágil;12;3; ;7;6;7;6;7;6;6;6;7;6;4;7;4;4;6;7;6;7;5;1,054092553
Masculino;33;Mestrado;Ciência da computação;2015;8;4;Desenvolvedor;Híbrida;60;2; ;4;7;4;6;7;7;6;5;5;5;5;7;6;6;7;7;7;7;6;1,054092553
Masculino;23;Superior completo;Sistemas de Informação;2019;2;2;Analista;Ágil;36;12; ;6;7;7;3;7;7;7;6;5;7;5;7;7;7;6;6;6;7;7;1,056862841
Masculino;20;Superior incompleto;Sistemas de Informação;2021;2;2;Desenvolvedor;Ágil;24;12; ;6;7;4;6;7;5;6;4;4;6;5;5;7;5;5;7;6;7;6;1,056862841
Masculino;44;Superior incompleto;Sistemas de Informação;2019;18;1;Analista;Ágil;7;3; ;5;4;3;4;5;4;5;4;5;3;4;4;5;4;6;7;5;6;6;1,056862841
Masculino;19;Superior incompleto;Ciência da computação;2022;2;1;Gerente;Ágil;3;3; ;4;3;6;5;4;6;6;4;3;6;3;4;4;6;5;5;4;5;5;1,065130473
Masculino;30;Superior completo;Sistemas de Informação;2015;5;4;Desenvolvedor;Ágil;3;2; ;4;6;3;6;6;5;5;6;6;6;4;6;6;5;6;7;6;7;7;1,065130473
Masculino;22;Superior incompleto;Engenharia da Computação;2022;3;3;Desenvolvedor;Ágil;24;4; ;5;7;4;5;6;7;6;7;6;5;4;7;7;6;7;7;7;7;7;1,067872126
Masculino;27;Superior completo;Análise e Desenvolvimento de Sistemas;2014;7;7;Desenvolvedor;Ágil;1;1; ;6;7;7;7;6;3;7;5;6;7;6;7;5;7;6;7;6;5;7;1,067872126
Masculino;30;Superior completo;Ciência da computação;2017;2;2;Desenvolvedor;Ágil;14;12; ;3;6;5;4;6;5;6;5;4;4;4;5;5;5;6;7;7;5;6;1,067872126
Masculino;39;Superior completo;Sistemas de Informação;2008;14;11;Analista;Ágil;6;6; ;5;5;5;4;5;4;7;4;5;4;4;5;4;5;6;7;7;6;6;1,067872126
Masculino;28;Superior completo;Analise e desenvolvimento de sistemas;2016;7;4;Desenvolvedor;Ágil;2;2; ;5;5;4;5;4;3;4;4;3;3;4;5;5;3;5;7;5;4;6;1,070606758
Masculino;26;Superior completo;Análise e desenvolvimento de sistemas;2015;4;4;Desenvolvedor;Ágil;12;12; ;7;5;6;7;7;7;7;7;7;6;6;7;7;3;7;7;7;7;5;1,070606758
Masculino;30;Superior completo;Engenharia da Computação;2018;6;3;Gerente;Ágil;3;3; ;5;5;4;6;5;4;7;4;6;4;5;6;6;5;6;7;7;5;7;1,073334423
Masculino;33;Especialização;Engenharia de Software;2013;14;13;Analista;Híbrida;126;126; ;7;7;7;7;7;6;7;4;5;6;7;7;5;4;5;7;6;6;5;1,078769062
Masculino;28;Superior completo;Sistemas de Informação;2013;4;4;Desenvolvedor;Híbrida;20;20; ;7;7;4;6;6;5;7;5;6;7;5;7;5;4;5;7;6;7;7;1,078769062
Masculino;25;Superior incompleto;Sistemas de Informação;2020;2;2;Desenvolvedor;Tradicional;0;0; ;7;4;5;4;5;5;6;6;6;7;7;7;6;5;7;7;7;7;7;1,078769062
Masculino;37;Especialização;Sistemas de Informação;2006;15;1;Gerente;Híbrida;10;10; ;7;7;7;7;6;6;7;5;6;5;3;7;7;5;6;7;7;7;6;1,08417646
Masculino;25;Superior completo;Sistemas de Informação;2016;1;1.5;Analista;Tradicional;15;12; ;5;7;4;5;5;6;5;7;5;7;5;6;5;4;6;7;7;7;7;1,08417646
Masculino;27;Especialização;Análise e Desenvolvimento de Sistemas;2018;4;4;Desenvolvedor;Ágil;13;13; ;6;7;5;5;6;3;4;6;6;6;5;7;6;6;6;7;7;5;7;1,08417646
Masculino;34;Especialização;Banco de Dados Oracle;2014;7;5;DBA;Ágil;36;8; ;6;6;6;6;7;6;6;6;7;5;5;4;6;6;4;6;7;7;3;1,097578408
Masculino;44;Superior completo;Sistemas de Informação;1997;15;15;Desenvolvedor;Híbrida;10;10; ;5;5;7;7;7;5;7;7;5;5;5;7;4;5;5;7;7;7;5;1,100239208
Masculino;24;Superior completo;Sistemas de Informação;2018;4;4;Desenvolvedor;Ágil;36;17; ;4;7;6;6;7;7;7;5;6;5;6;6;4;5;4;7;7;7;6;1,100239208
Masculino;26;Superior completo;Ciência da computação;2017;2;4;Testador;Ágil;37;14; ;7;7;5;5;5;6;7;7;6;6;6;5;3;6;5;7;7;5;7;1,100239208
Feminino;31;Superior completo;Sistemas de Informação;2014;5;2;Desenvolvedor;Ágil;48;24; ;6;7;5;7;6;3;6;7;6;6;5;7;6;6;7;6;7;7;4;1,105541597
Masculino;25;Superior completo;Sistemas de Informação;2016;4;2;Desenvolvedor;Híbrida;6;6; ;7;3;5;4;7;6;7;6;6;5;5;6;5;5;5;7;6;5;7;1,116070802
Feminino;22;Especialização;Gestão da Tecnologia da Informação;2017;2;2;Desenvolvedor;Ágil;12;10; ;7;7;6;5;3;4;7;7;6;5;6;5;6;7;7;6;6;5;6;1,118687619
Masculino;24;Mestrado;Ciência da computação;2020;2;1;Desenvolvedor;Ágil;12;1; ;5;7;7;5;6;6;5;5;7;6;5;6;5;3;7;7;7;7;5;1,118687619
Masculino;24;Superior completo;Ciência da computação;2019;3;3;Analista;Ágil;120;3; ;4;6;4;7;7;7;5;7;5;6;5;5;7;7;7;7;7;7;7;1,118687619
Masculino;35;Especialização;Sistemas de Informação;2007;5;2;Analista;Ágil;12;3; ;6;5;4;4;6;4;5;4;5;4;3;7;6;6;6;6;5;7;5;1,118687619
Feminino;29;Especialização;Governança de TI;2017;5;5;Testador;Ágil;11;11; ;3;4;5;4;5;3;4;3;3;5;4;5;5;5;5;7;6;5;3;1,121298329
Masculino;36;Mestrado;Ciência da computação;2014;15;14;Desenvolvedor;Ágil;60;48; ;3;5;6;5;7;6;6;5;7;6;6;6;5;6;6;7;5;6;3;1,121298329
Masculino;24;Superior incompleto;Sistemas de Informação;2020;1;1;Analista;Ágil;10;10; ;6;5;6;6;6;3;7;5;5;6;5;3;5;5;5;7;6;6;7;1,123902974
Masculino;25;Superior completo;Sistemas de Informação;2018;5;5;Desenvolvedor;Ágil;24;3; ;7;6;3;5;4;4;6;6;5;6;5;4;5;6;6;7;6;6;7;1,123902974
Masculino;30;Mestrado;Ciência da computação;2017;9;9;Desenvolvedor;Híbrida;2;2; ;5;6;4;4;6;5;5;3;3;3;3;5;5;6;5;6;4;5;3;1,123902974
Masculino;26;Superior completo;Engenharia Civil;2018;2;2;Desenvolvedor;Ágil;48;14; ;4;7;5;6;4;6;7;7;7;7;6;6;7;6;7;7;7;5;4;1,129094239
Feminino;27;Superior completo;Sistemas de Informação;2014;5;3;Analista;Híbrida;240;10; ;6;7;6;6;4;4;6;3;5;5;5;4;5;4;7;6;5;4;4;1,129094239
Masculino;37;Superior completo;Ciência da computação;2007;19;8;Gerente;Tradicional;18;18; ;4;6;4;3;6;4;6;3;5;5;5;6;4;4;6;7;5;6;5;1,129094239
Masculino;30;Superior completo;Sistemas de Informação;2013;10;7;Desenvolvedor;Ágil;36;36; ;3;6;6;3;5;5;6;3;4;3;5;6;4;4;5;6;6;5;5;1,147078669
Masculino;25;Superior incompleto;ADS;2020;5;5;Desenvolvedor;Ágil;6;3; ;5;7;5;4;7;7;7;7;7;7;7;7;5;4;7;7;5;7;7;1,147078669
Masculino;27;Superior completo;Ciência da computação;2016;3;3;Desenvolvedor;Ágil;60;3; ;7;4;5;4;6;6;6;6;6;6;6;6;7;5;5;3;7;7;7;1,147078669
Masculino;23;Superior completo;Sistemas de Informação;2018;3;3;Desenvolvedor;Ágil;7;2; ;5;4;4;7;7;7;5;7;7;7;7;7;5;7;6;7;5;7;5;1,149624907
Masculino;25;Superior completo;Sistemas de Informação;2017;3;2;Desenvolvedor;Híbrida;20;14; ;5;6;4;3;5;4;5;4;6;5;5;5;7;7;6;3;6;6;5;1,149624907
Masculino;32;Superior completo;Sistemas de Informação;2014;7;7;Analista;Ágil;36;13; ;6;5;4;5;7;7;7;7;5;7;7;7;7;4;5;5;5;5;7;1,149624907
Masculino;32;Especialização;Ciência da computação;2013;8;8;Testador;Ágil;3;3; ;6;7;6;6;6;5;6;7;5;6;6;7;7;6;7;6;6;7;2;1,154700538
Masculino;31;Mestrado;Ciência da computação;2018;13;10;Desenvolvedor;Ágil;18;18; ;6;6;7;4;4;7;7;7;7;6;4;5;5;7;5;7;7;7;6;1,154700538
Feminino;26;Mestrado;Ciência da computação;2019;1;1;Testador;Tradicional;72;18; ;4;6;3;3;4;4;5;4;4;4;3;5;5;6;7;5;6;6;5;1,157230006
Masculino;34;Mestrado;Ciência da computação;2014;10;11;Desenvolvedor;Ágil;9;9; ;5;4;3;6;7;6;6;3;5;5;6;7;6;7;5;5;6;5;5;1,164785451
Masculino;37;Superior completo;Sistemas de Informação;2011;8;8;Gerente;Híbrida;216;84; ;4;6;6;6;5;3;6;5;6;6;6;4;5;4;5;7;7;4;7;1,164785451
Masculino;28;Superior incompleto;Sistemas de Informação;2019;7;4;Analista;Híbrida;2;2; ;7;4;5;5;5;4;7;5;6;5;5;7;7;5;7;7;7;4;5;1,164785451
Masculino;27;Superior completo;Sistemas de Informação;2015;3;3;Analista;Ágil;132;12; ;7;5;7;6;6;7;7;7;7;7;7;7;4;7;3;6;7;7;7;1,164785451
Feminino;28;Superior incompleto;Ciência da computação;2021;10;1;Desenvolvedor;Ágil;6;1; ;7;7;4;6;6;4;7;5;6;5;4;7;7;7;7;7;7;7;7;1,167293065
Masculino;27;Superior completo;Análise e desenvolvimento de sistemas;2018;7;6;Desenvolvedor;Ágil;1;1; ;5;7;6;7;4;6;7;5;5;7;5;7;6;3;6;7;6;7;5;1,167293065
Masculino;24;Superior incompleto;Ciência da computação;2021;6;1;Desenvolvedor;Ágil;1;1; ;7;7;5;7;7;3;6;7;6;7;4;6;7;6;7;6;7;7;5;1,167293065
Feminino;40;Mestrado;Ciência da computação;2006;15;5;Gerente;Ágil;48;6; ;3;4;4;3;5;5;6;6;5;6;4;5;6;5;4;7;6;5;3;1,167293065
Masculino;23;Superior completo;Sistemas de Informação;2018;5;3;Analista;Ágil;60;24; ;4;5;3;6;3;3;6;4;5;3;4;4;3;4;7;4;4;4;3;1,167293065
Masculino;25;Superior completo;Sistemas de Informação;0;4;4;Analista;Híbrida;12;3; ;7;7;5;7;7;4;7;4;7;7;4;7;7;7;7;7;7;7;7;1,169795304
Masculino;23;Superior incompleto;Ciência da computação;2020;3;3;Desenvolvedor;Ágil;9;3; ;7;7;4;7;7;5;4;7;7;7;4;7;7;7;7;7;7;7;7;1,169795304
Masculino;35;Especialização;Sistemas de Informação;2008;8;8;Desenvolvedor;Tradicional;2;2; ;5;6;4;3;7;5;6;6;5;7;5;6;7;4;6;4;6;5;7;1,172292202
Masculino;31;Superior completo;Ciência da computação;2015;5;5;Desenvolvedor;Ágil;4;4; ;7;7;6;5;6;2;7;6;6;6;6;6;5;6;6;7;7;7;5;1,17727011
Feminino;39;Doutorado;Ciência da computação;2021;10;7;Analista;Ágil;1;1; ;6;7;6;4;7;5;5;6;4;7;4;7;6;4;7;7;6;7;5;1,182227059
Masculino;31;Superior completo;Ciência da computação;2010;9;9;Desenvolvedor;Híbrida;36;36; ;2;5;5;5;5;6;4;3;3;2;3;4;4;4;4;5;6;5;5;1,182227059
Masculino;30;Mestrado;Ciência da computação;2014;10;6;Desenvolvedor;Ágil;10;60; ;6;3;4;3;6;6;3;6;4;5;5;6;6;6;6;6;6;6;6;1,182227059
Masculino;33;Mestrado;Ciência da computação;2012;10;12;Desenvolvedor;Ágil;13;9; ;4;6;6;5;4;4;7;4;4;5;5;6;5;3;6;7;7;6;5;1,182227059
Masculino;28;Mestrado;Sistemas de Informação;2014;7;7;Gerente;Tradicional;10;10; ;7;6;7;6;6;7;7;4;5;7;6;6;6;3;6;5;5;7;4;1,182227059
Masculino;24;Superior incompleto;Análise e Desenvolvimento de sistemas;2020;7;1;Desenvolvedor;Tradicional;6;6; ;7;6;4;4;5;3;4;3;6;6;5;6;5;5;7;6;6;5;6;1,182227059
Masculino;36;Especialização;Matemática Computacional;2013;13;8;Analista;Híbrida;72;60; ;5;6;5;5;4;4;4;5;3;3;3;5;7;3;6;6;6;5;5;1,194529441
Masculino;28;Especialização;Business Inteligence;2017;7;4;Analista;Ágil;1;1; ;6;7;4;4;6;4;6;6;5;4;5;7;5;5;7;7;7;7;7;1,194529441
Masculino;18;Superior incompleto;Sistemas de Informação;2021;1;1;Desenvolvedor;Ágil;36;7; ;7;6;3;5;7;4;5;6;5;7;5;6;5;6;7;7;7;7;7;1,196974744
Masculino;22;Superior incompleto;Ciência da computação;2014;2;2;Desenvolvedor;Ágil;12;1; ;7;7;5;7;6;7;5;7;7;4;4;7;6;5;7;7;7;4;5;1,201850425
Masculino;21;Superior incompleto;Ciência da computação;2020;4;2;Desenvolvedor;Ágil;8;7; ;7;5;6;7;6;5;6;4;5;7;7;7;5;7;3;7;7;7;6;1,201850425
Masculino;28;Superior completo;Análise e Desenvolvimento de Sistemas;2010;9;3;Gerente;Ágil;48;9; ;5;6;4;4;7;4;6;5;4;5;5;7;7;7;7;7;6;7;5;1,204280863
Masculino;26;Superior completo;Ciência da computação;2015;7;7;Desenvolvedor;Ágil;24;24; ;6;7;7;7;5;7;7;6;7;7;3;7;7;5;7;7;7;7;4;1,204280863
Masculino;25;Superior incompleto;Sistemas de Informação;2020;3;3;Desenvolvedor;Ágil;12;10; ;4;6;4;4;5;3;5;3;4;5;3;5;4;4;6;7;7;5;4;1,211542924
Masculino;23;Superior incompleto;Ciência da computação;2020;2;2;Desenvolvedor;Tradicional;3;3; ;7;7;5;7;4;3;7;7;7;7;5;6;7;7;7;7;7;7;7;1,211542924
Feminino;27;Superior completo;Análise e Desenvolvimento de Sistemas;2018;6;6;Analista;Ágil;8;3; ;2;4;4;7;6;5;6;5;4;5;4;6;6;5;7;6;6;5;5;1,213953957
Masculino;34;Especialização;Ciência da computação;2008;13;12;DBA;Ágil;2;2; ;5;6;6;6;4;2;7;4;5;5;5;4;4;4;5;7;5;4;4;1,213953957
Masculino;23;Superior incompleto;Análise e Desenvolvimento de Sistemas;2019;2;2;Desenvolvedor;Híbrida;24;9; ;5;6;4;7;4;7;6;5;6;5;5;4;4;7;7;7;7;4;6;1,216360211
Masculino;30;Superior incompleto;Ciência da computação;2021;8;1;Analista;Ágil;4;4; ;5;7;6;5;4;2;7;4;6;6;5;6;6;6;5;7;6;6;6;1,218761715
Masculino;36;Mestrado;Ciência da computação;2008;15;9;Gerente;Híbrida;4;4; ;7;7;7;3;7;4;7;5;7;7;6;7;5;7;5;7;6;7;7;1,228320776
Masculino;23;Superior completo;Ciência da computação;2018;1;1;Desenvolvedor;Ágil;60;5; ;4;6;4;5;4;5;4;6;6;6;4;4;3;6;7;7;7;5;6;1,228320776
Masculino;35;Superior completo;Desenvolvimento de Software;2008;11;4;Analista;Híbrida;4;4; ;4;6;6;5;3;4;7;7;4;5;5;5;3;5;5;7;6;6;6;1,228320776
Masculino;25;Superior completo;Sistemas de Informação;2017;5;3;Analista;Ágil;24;3; ;7;5;4;7;7;7;5;5;7;4;4;7;7;7;7;7;7;7;7;1,228320776
Masculino;24;Superior incompleto;Análise e Desenvolvimento de Sistemas;2020;1;1;Desenvolvedor;Ágil;24;12; ;6;5;5;7;4;3;4;4;5;5;5;6;7;7;6;6;7;4;4;1,240165995
Feminino;28;Especialização;Ciência da computação;2013;11;11;Desenvolvedor;Híbrida;6;6; ;7;5;4;5;6;5;7;2;4;6;6;4;4;5;5;3;5;5;5;1,242521488
Feminino;38;Mestrado;Mestrado em sistemas e computação;2010;19;19;Desenvolvedor;Ágil;12;2; ;6;4;4;7;7;5;7;6;6;7;4;7;7;4;7;7;7;7;7;1,242521488
Masculino;36;Superior completo;Sistemas de Informação;2011;9;7;Testador;Ágil;12;12; ;5;5;4;6;4;3;3;6;3;4;6;5;6;6;6;7;6;6;6;1,242521488
Masculino;25;Superior incompleto;Ciência da computação;2020;7;2;Desenvolvedor;Ágil;1;8; ;6;6;5;7;6;7;7;5;3;7;4;7;5;7;6;7;7;4;6;1,242521488
Masculino;22;Superior incompleto;Sistemas de Informação;2019;2;2;Desenvolvedor;Híbrida;24;24; ;5;5;3;6;4;6;4;7;7;6;5;6;6;4;7;7;7;7;6;1,249561327
Masculino;29;Especialização;Ciência da computação;2017;8;8;Desenvolvedor;Tradicional;48;48; ;7;7;4;5;4;4;5;5;6;4;6;6;4;3;6;7;7;5;6;1,249561327
Masculino;23;Superior incompleto;Sistemas de Informação;2019;5;2;Desenvolvedor;Tradicional;30;11; ;5;7;4;4;5;3;5;6;6;4;4;5;5;5;7;7;7;7;5;1,249561327
Masculino;21;Superior incompleto;Engenharia de software;2020;2;5;Desenvolvedor;Ágil;8;8; ;7;7;5;3;4;3;5;5;7;6;5;4;6;5;5;7;6;6;6;1,256561725
Masculino;27;Superior completo;Ciência da computação;2013;7;7;Desenvolvedor;Ágil;48;24; ;7;7;7;5;4;5;4;6;7;5;5;4;6;7;7;7;7;7;4;1,25888654
Masculino;36;Especialização;Sistemas de Informação;2019;16;15;DBA;Ágil;12;8; ;6;4;4;7;6;6;4;3;4;5;5;6;6;4;6;7;3;6;6;1,25888654
Masculino;26;Superior completo;Ciência da computação;2019;6;2;Desenvolvedor;Híbrida;18;11; ;6;6;2;5;5;4;5;6;5;4;3;5;4;6;3;7;6;5;5;1,25888654
Masculino;27;Superior completo;Ciência da computação;2019;5;5;Desenvolvedor;Ágil;4;4; ;5;6;3;3;5;5;7;6;5;5;5;5;7;4;7;7;5;7;6;1,261207071
Masculino;38;Mestrado;Ciência da computação;2009;15;13;Analista;Híbrida;10;10; ;7;6;6;4;7;2;6;5;7;6;4;6;5;5;5;6;7;5;6;1,263523339
Masculino;40;Especialização;Sistemas de Informação;2010;22;7;Gerente;Híbrida;12;12; ;5;6;3;2;5;3;5;5;6;5;4;5;6;4;5;7;5;5;7;1,286456669
Masculino;32;Superior completo;Sistemas de Informação;2016;4;2;Desenvolvedor;Ágil;14;5; ;5;7;5;3;6;5;5;4;5;5;4;7;7;7;5;7;7;7;7;1,293257368
Masculino;22;Superior incompleto;Sistemas de Informação;2019;4;4;Desenvolvedor;Ágil;23;3; ;7;6;4;5;4;4;4;4;5;6;5;5;2;5;3;2;3;4;4;1,293257368
Masculino;33;Mestrado;Ciência da computação;2019;14;9;Desenvolvedor;Ágil;6;6; ;6;6;7;7;5;3;7;6;5;4;4;5;4;3;7;6;6;5;6;1,300022492
Masculino;32;Superior completo;Sistemas para internet;2017;6;6;Desenvolvedor;Híbrida;6;4; ;5;6;5;5;6;5;6;6;3;3;4;7;7;6;7;7;7;7;5;1,300022492
Masculino;26;Superior completo;Administracão de Empresas;2015;5;2;Desenvolvedor;Ágil;12;10; ;6;6;6;4;5;3;3;4;5;6;5;5;3;5;5;7;7;6;7;1,302269724
Feminino;43;Especialização;Ciência da computação;2004;19;9;Gerente;Híbrida;18;3; ;6;7;7;3;5;7;6;3;6;3;6;5;5;5;7;6;6;6;6;1,306752593
Masculino;26;Superior completo;Engenharia eletrônica;2019;3;1;Desenvolvedor;Ágil;4;4; ;3;6;4;7;5;7;7;6;7;7;4;7;5;7;7;5;7;7;7;1,311220136
Feminino;36;Mestrado;Sistemas de Informação;2012;15;15;Desenvolvedor;Ágil;24;12; ;4;4;3;6;7;3;4;4;5;4;4;5;6;6;7;6;6;7;5;1,311220136
Feminino;24;Superior completo;Engenharia da Computação;2019;4;3;Desenvolvedor;Ágil;6;6; ;6;6;2;5;5;5;6;6;3;7;6;5;5;4;4;5;3;3;5;1,315672509
Masculino;24;Superior incompleto;Sistemas de Informação;2019;2;1;Desenvolvedor;Ágil;2;2; ;4;7;7;4;7;5;4;4;7;5;4;7;5;6;7;7;7;6;7;1,315672509
Masculino;25;Superior incompleto;Ciência da computação;2019;4;3;Desenvolvedor;Híbrida;60;13; ;7;6;5;7;7;7;5;4;4;5;7;7;7;3;7;5;7;5;5;1,315672509
Masculino;30;Superior completo;Ciência da computação;2012;7;7;Desenvolvedor;Ágil;60;3; ;5;7;5;3;4;3;4;6;4;5;5;4;6;6;6;7;7;5;7;1,315672509
Masculino;25;Superior incompleto;Engenharia de controle e automação;2020;2;2;Desenvolvedor;Ágil;12;1; ;7;4;5;6;4;7;7;5;7;3;7;7;7;7;7;7;7;7;7;1,315672509
Feminino;24;Superior completo;Engenharia Eletrônica;2018;3;3;Desenvolvedor;Ágil;32;22; ;6;6;1;4;4;4;5;7;6;4;5;4;5;4;4;6;6;4;5;1,326738074
Masculino;33;Superior completo;Ciência da computação;2008;12;2;Analista;Híbrida;2;2; ;5;7;4;4;5;5;2;6;7;6;5;5;3;5;6;6;6;6;7;1,326738074
Masculino;28;Mestrado;Ciência da computação;2017;10;1;Desenvolvedor;Ágil;120;3; ;7;7;5;4;7;4;4;4;6;7;7;6;4;6;4;7;7;6;7;1,326738074
Feminino;24;Superior completo;Ciência da computação;2019;2;1;Desenvolvedor;Ágil;24;3; ;5;5;3;4;6;4;4;6;5;3;3;6;7;5;6;7;6;5;7;1,328940131
Masculino;32;Superior completo;Análise e desenvolvimento de sistemas;2014;16;11;Desenvolvedor;Ágil;2;2; ;3;6;4;6;4;4;6;5;6;4;4;5;7;7;7;6;6;4;3;1,328940131
Masculino;25;Superior completo;Ciência da computação;2017;4;4;Desenvolvedor;Ágil;3;3; ;3;4;4;5;5;5;6;4;5;4;4;7;3;6;7;7;7;6;5;1,328940131
Masculino;20;Superior incompleto;Ciência da computação;2021;2;2;Desenvolvedor;Ágil;2;2; ;5;6;3;4;4;4;5;4;4;6;3;4;7;4;7;6;6;7;6;1,333333333
Masculino;33;Especialização;Sistemas de Informação;2016;10;6;Desenvolvedor;Ágil;8;4; ;6;7;4;7;6;5;4;7;7;5;7;5;4;4;3;7;7;6;6;1,342076596
Feminino;25;Superior completo;Ciência da computação;2015;5;5;Desenvolvedor;Ágil;13;7; ;5;5;4;6;6;3;7;6;4;7;6;5;7;3;6;7;5;4;7;1,346426937
Masculino;22;Superior incompleto;Ciência da computação;2020;1;1;Desenvolvedor;Ágil;18;2; ;4;4;3;6;5;3;3;3;4;4;3;6;6;6;3;6;6;6;6;1,346426937
Masculino;23;Superior incompleto;Ciência da computação;2020;2;1;Desenvolvedor;Ágil;24;3; ;7;7;6;7;7;7;7;7;5;7;7;7;6;4;6;4;4;5;3;1,35292622
Masculino;30;Doutorado;Ciência da computação;2021;13;13;Desenvolvedor;Ágil;110;98; ;3;5;5;5;7;7;7;4;5;7;7;6;7;7;6;6;3;7;5;1,367971136
Feminino;27;Superior completo;Analise de Sistemas;2014;6;6;Desenvolvedor;Híbrida;180;72; ;5;7;6;5;6;5;7;6;4;6;6;6;2;3;5;7;7;6;7;1,387074839
Masculino;22;Superior incompleto;Sistemas de Informação;2020;1;1;Desenvolvedor;Ágil;24;6; ;5;6;2;4;3;6;3;3;3;4;5;6;2;6;6;5;5;5;5;1,387074839
Masculino;30;Superior completo;Sistemas de Informação;2014;10;10;Desenvolvedor;Tradicional;5;5; ;5;5;3;5;5;6;1;6;6;6;6;6;5;7;6;6;6;6;7;1,387074839
Masculino;40;Especialização;Sistemas de Informação;2019;9;7;Testador;Ágil;30;25; ;5;5;4;4;5;7;5;6;5;5;4;7;7;2;7;7;7;6;6;1,389181256
Masculino;24;Superior completo;Ciência da computação;2018;1;1;Desenvolvedor;Híbrida;2;2; ;4;7;5;3;6;5;6;2;6;6;5;6;6;7;5;7;7;5;7;1,389181256
Masculino;24;Superior completo;Sistemas de Informação;2018;1;2;Desenvolvedor;Ágil;48;3; ;3;6;3;6;6;2;4;4;4;4;3;6;4;6;3;6;6;6;4;1,389181256
Masculino;24;Superior completo;Engenharia da Computação;2021;2;1;Desenvolvedor;Híbrida;6;6; ;3;5;6;3;4;5;5;4;2;4;3;7;4;5;6;7;5;3;5;1,389181256
Masculino;23;Superior incompleto;Análise e Desenvolvimento de Sistemas;2020;3;3;Desenvolvedor;Híbrida;7;3; ;3;7;4;5;4;4;5;3;5;4;4;7;7;4;7;4;7;5;5;1,393384537
Masculino;27;Superior completo;Sistemas de Informação;2016;4;1;Desenvolvedor;Híbrida;1;1; ;6;6;3;3;3;3;5;5;6;6;5;3;5;4;6;7;6;5;7;1,393384537
Feminino;24;Superior completo;Ciência da computação;2018;2;2;Testador;Híbrida;204;19; ;4;6;6;4;4;2;7;6;6;6;5;7;6;7;7;7;7;6;7;1,397575177
Masculino;36;Superior completo;Ciência da computação;2013;14;14;Desenvolvedor;Ágil;36;1; ;6;7;2;6;7;6;2;6;5;6;6;6;7;6;6;6;7;6;6;1,407997209
Masculino;25;Superior completo;Ciência da computação;2017;3;3;Desenvolvedor;Ágil;1;1; ;4;7;4;5;7;3;7;5;4;5;4;7;7;6;7;7;7;7;6;1,407997209
Masculino;25;Superior incompleto;Sistemas de Informação;2016;7;7;Desenvolvedor;Ágil;3;3; ;7;7;7;7;7;5;7;5;7;4;5;7;7;7;7;7;2;7;7;1,407997209
Masculino;23;Superior incompleto;Engenharia Mecânica;2020;2;1;Analista;Ágil;84;3; ;4;7;6;7;7;4;7;4;4;4;4;7;7;7;7;7;7;7;7;1,414213562
Masculino;34;Superior completo;Tecnologia em Processamento de Dados;2006;15;13;Desenvolvedor;Ágil;36;6; ;7;7;7;3;5;4;6;3;5;5;5;5;4;3;6;7;7;6;6;1,416279617
Masculino;37;Especialização;Ciência da computação;2015;4;4;Desenvolvedor;Ágil;3;3; ;6;6;6;6;5;1;6;7;6;4;4;4;5;6;5;7;6;5;7;1,422459775
Masculino;35;Superior completo;Ciência da computação;2011;10;8;Analista;Híbrida;4;4; ;4;6;5;7;6;3;7;3;5;5;5;2;3;3;4;4;6;5;5;1,422459775
Masculino;29;Superior incompleto;Análise e Desenvolvimento de Sistemas;2020;1;1;Desenvolvedor;Ágil;10;3; ;5;6;2;5;5;4;4;7;7;5;4;4;5;6;7;7;6;7;7;1,426565007
Masculino;29;Superior completo;Engenharia da Computação;2014;6;6;Desenvolvedor;Ágil;8;1; ;6;7;7;7;7;7;7;6;5;4;4;4;4;3;7;7;7;7;7;1,432700799
Masculino;25;Superior completo;Ciência da computação;2018;1;1;Desenvolvedor;Ágil;15;12; ;2;3;6;3;6;5;6;4;3;5;4;7;5;5;5;7;6;6;6;1,432700799
Masculino;28;Superior completo;Analise e Desenvolvimento de Sistemas;2014;4;4;Desenvolvedor;Ágil;4;3; ;7;7;7;3;7;7;7;7;6;2;5;7;7;6;7;7;7;6;7;1,446916463
Masculino;23;Superior incompleto;Ciência da computação;2021;4;1;Desenvolvedor;Ágil;2;2; ;4;7;3;4;5;5;3;3;4;4;6;6;3;7;5;7;5;5;7;1,448935887
Masculino;38;Especialização;Ciência da computação;2015;18;16;Desenvolvedor;Ágil;40;13; ;5;5;4;4;5;4;6;6;6;4;3;6;2;6;3;7;7;5;7;1,452966315
Masculino;32;Superior completo;Ciência da computação;2012;8;10;Testador;Ágil;36;36; ;4;7;6;7;5;4;6;6;7;7;7;4;3;4;4;3;7;6;5;1,460993814
Masculino;27;Mestrado;Ciência da computação;2017;8;1;Desenvolvedor;Ágil;24;24; ;7;7;7;7;4;4;7;4;7;4;3;5;5;7;7;7;5;7;7;1,462993806
Masculino;27;Superior completo;Química Industrial e atualmente com o curso de sistemas de informação em andamento.;2020;10;3;Analista;Ágil;180;27; ;5;7;7;3;7;7;7;5;7;5;4;7;6;3;7;7;7;6;4;1,462993806
Masculino;28;Especialização;Design;2019;5;1;Gerente;Ágil;18;9; ;5;5;3;3;3;6;3;5;5;5;5; ;6;5;5;4;6;5;5;1,464991068
Masculino;25;Superior completo;Sistemas de Informação;2018;3;2;Desenvolvedor;Tradicional;180;1; ;5;7;5;4;7;4;3;4;3;4;3;5;7;4;7;4;6;5;7;1,470966584
Masculino;23;Superior incompleto;Ciência da computação;2021;2;1;Testador;Híbrida;187;15; ;7;6;5;5;6;2;6;6;7;7;5;7;4;3;7;7;7;6;7;1,474936811
Masculino;32;Especialização;Engenharia da Computação;2012;8;8;Testador;Ágil;36;6; ;3;4;5;4;7;6;5;2;4;7;6;6;6;7;7;6;6;4;4;1,474936811
Masculino;24;Superior incompleto;Engenharia de Telecomunicações;2021;2;2;Desenvolvedor;Ágil;2;2; ;4;6;4;2;6;5;5;5;3;5;3;6;6;6;7;7;7;6;7;1,484815936
Feminino;24;Superior completo;Sistemas de Informação;2016;3;3;Testador;Tradicional;60;24; ;3;7;4;7;6;2;6;4;4;4;5;4;4;4;4;7;6;5;7;1,486783883
Masculino;29;Superior completo;Sistemas de Informação;2015;6;5;Desenvolvedor;Híbrida;0;5; ;7;7;2;7;6;5;3;7;7;7;7;7;5;5;7;7;6;7;7;1,486783883
Masculino;24;Superior completo;Ciência da computação;2018;3;3;Desenvolvedor;Ágil;8;5; ;7;7;6;6;4;2;7;7;7;5;7;6;4;7;4;7;7;7;7;1,490711985
Masculino;32;Superior completo;Sistemas para Internet;2019;5;5;Desenvolvedor;Híbrida;48;1; ;4;7;3;5;5;7;3;6;4;5;5;6;6;2;7;7;5;4;4;1,490711985
Masculino;30;Superior completo;Sistemas de Informação;2015;7;7;Desenvolvedor;Ágil;96;43; ;7;7;5;7;7;5;7;7;7;1;5;7;7;6;7;7;7;7;7;1,492672159
Masculino;29;Doutorado;Ciência da computação;2019;6;5;Desenvolvedor;Ágil;60;60; ;5;2;6;6;6;7;6;3;5;7;4;7;3;5;5;7;7;5;6;1,498537299
Feminino;39;Especialização;Redes;2014;5;3;Desenvolvedor;Tradicional;1;2; ;6;6;5;5;5;1;7;7;6;7;6;4;6;7;7;7;5;7;7;1,50048725
Feminino;25;Especialização;Engenharia da Computação;2020;6;6;Desenvolvedor;Ágil;12;6; ;5;7;6;5;5;1;5;7;5;5;5;4;7;4;7;7;6;5;7;1,502434671
Masculino;30;Superior completo;Sistemas de Informação;2018;22;2;Desenvolvedor;Ágil;20;5; ;3;7;4;7;7;4;4;7;7;7;4;7;7;7;7;7;7;7;4;1,527525232
Masculino;36;Superior completo;Sistemas de Informação;2006;13;1;Desenvolvedor;Ágil;60;10; ;7;6;6;5;6;7;7;4;7;5;7;5;4;1;6;7;7;6;5;1,529438226
Masculino;26;Especialização;Ciência da computação;2018;6;6;Desenvolvedor;Híbrida;16;1; ;5;7;5;7;6;3;6;6;7;5;2;6;4;4;7;7;7;7;7;1,529438226
Masculino;28;Especialização;UX Design;2016;4;3;Designer;Ágil;15;15; ;5;6;7;2;5;3;5;6;5;6;5;5;6;2;6;7;7;6;7;1,529438226
Masculino;23;Superior incompleto;Engenharia da Computação;2020;3;3;Desenvolvedor;Ágil;60;36; ;4;7;3;7;4;6;7;5;4;4;4;6;6;2;6;6;7;7;6;1,529438226
Feminino;29;Superior completo;Sistemas de Informação;2015;4;2;Analista;Ágil;2;2; ;5;6;2;3;4;3;5;3;6;6;3;6;6;5;6;6;6;6;2;1,529438226
Feminino;35;Superior incompleto;Sistemas de Informação;2019;1;1;Desenvolvedor;Tradicional;12;12; ;6;7;3;6;6;2;7;3;6;7;5;7;5;5;7;7;6;7;5;1,535162905
Masculino;29;Superior completo;Ciência da computação;2015;4;4;Desenvolvedor;Ágil;10;10; ;6;7;7;7;4;7;7;7;7;5;5;4;3;7;4;7;7;3;7;1,537066394
Masculino;27;Especialização;Ciência da computação;2019;4;4;Desenvolvedor;Ágil;4;4; ;5;5;5;7;5;6;7;4;4;6;4;7;7;1;5;7;6;6;7;1,540866317
Masculino;24;Especialização;Sistemas de Informação;2017;2;2;Desenvolvedor;Híbrida;5;18; ;3;3;2;1;4;1;2;4;3;3;3;7;3;4;3;6;5;4;5;1,540866317
Masculino;50;Superior completo;Análise e Desenvolvimento de Sistemas;2014;28;5;Analista;Ágil;1;1; ;3;4;2;7;6;2;6;4;5;5;4;6;4;3;4;7;6;6;6;1,557851272
Feminino;27;Especialização;Ciência da computação;2020;7;1;Gerente;Ágil;4;4; ;5;7;7;4;7;7;7;7;7;5;1;7;7;7;7;7;7;7;7;1,565340984
Masculino;24;Especialização;Análise e desenvolvimento de sistemas;2017;3;3;Desenvolvedor;Híbrida;24;6; ;7;7;7;7;5;7;7;5;4;7;1;7;7;7;7;7;7;7;7;1,565340984
Masculino;21;Superior incompleto;Engenharia da Computação;2021;1;1;Desenvolvedor;Tradicional;1;1; ;6;5;3;6;2;3;4;3;7;4;6;2;3;5;5;6;5;5;7;1,57465303
Masculino;29;Especialização;Engenharia de Software;2018;8;7;Desenvolvedor;Ágil;2;2; ;2;4;5;5;6;2;6;5;3;3;4;6;7;4;6;6;5;6;2;1,57465303
Masculino;20;Superior incompleto;Engenharia Elétrica;2024;1;1;Desenvolvedor;Ágil;24;5; ;5;7;5;2;7;5;4;7;7;7;7;7;7;3;7;7;5;7;7;1,580213917
Masculino;27;Superior completo;Sistemas de Informação;2014;10;2;Desenvolvedor;Ágil;168;21; ;5;5;2;6;7;5;4;7;2;6;3;7;4;6;6;5;6;6;7;1,583910329
Masculino;29;Superior incompleto;Ciência da computação;2020;8;6;Testador;Tradicional;8;8; ;6;6;6;3;5;2;6;6;7;7;6;4;2;3;4;3;5;5;5;1,583910329
Masculino;27;Superior incompleto;Sistemas de Informação;2019;2;1;Desenvolvedor;Híbrida;60;12; ;7;7;6;5;7;7;7;3;7;7;5;2;7;7;7;6;4;5;4;1,583910329
Prefiro não declarar;33;Doutorado;Ciência da computação;2018;2;1;Testador;Híbrida;50;13; ;2;6;2;7;6;7;5;7;6;5;7;7;7;4;6;7;6;6;7;1,583910329
Masculino;25;Superior incompleto;Ciência da computação;2020;2;1;Desenvolvedor;Híbrida;18;10; ;7;7;3;6;5;5;5;4;6;4;4;4;5;1;6;7;6;7;7;1,618605276
Masculino;35;Especialização;Especialização em BigData e Ciencia de Dados;2019;15;15;Desenvolvedor;Ágil;3;3; ;7;7;5;3;7;7;6;7;6;3;3;7;7;7;7;5;7;6;3;1,618605276
Masculino;39;Superior incompleto;Sistemas de Informação;0;21;5;Analista;Ágil;10;10; ;3;7;5;7;7;2;7;5;7;5;7;7;7;7;7;4;7;7;4;1,629408101
Feminino;30;Superior completo;Análise e Desenvolvimento de Sistemas;2015;7;5;Desenvolvedor;Ágil;2;2; ;4;7;6;3;3;3;7;7;6;7;5;5;5;4;3;7;7;7;7;1,643701428
Masculino;18;Superior incompleto;Ciência da computação;2020;1;1;Desenvolvedor;Tradicional;1;1; ;6;7;7;7;3;4;7;7;2;7;3;7;6;5;7;7;6;4;6;1,66842013
Masculino;21;Superior completo;Nenhum por enquanto;2019;3;3;Analista;Ágil;36;36; ;7;7;4;4;3;2;4;6;7;7;6;3;7;5;5;6;7;4;7;1,66842013
Masculino;34;Especialização;Sistemas de Informação;2018;13;8;Analista;Ágil;10;9; ;2;3;6;6;4;6;6;6;7;6;1;7;6;6;4;5;5;5;7;1,675415633
Masculino;30;Especialização;Ciência da computação;2018;10;4;Analista;Ágil;36;10; ;6;7;6;7;5;2;7;4;5;3;3;7;7;7;7;7;5;4;7;1,67715995
Masculino;30;Mestrado;Ciência da computação;2014;6;5;DBA;Híbrida;1;1; ;3;6;6;6;7;5;7;5;4;6;3;7;6;1;6;7;7;7;6;1,678902454
Masculino;25;Superior completo;Análise e Desenvolvimento de Sistemas;2015;6;5;Analista;Ágil;4;4; ;7;7;7;7;4;5;7;7;7;4;4;7;7;4;7;1;7;6;6;1,7082531
Masculino;23;Superior incompleto;Engenharia da Computação;2022;2;2;Desenvolvedor;Ágil;2;2; ;7;5;3;4;3;1;3;5;4;6;5;4;3;5;7;7;7;6;6;1,718492471
Masculino;34;Superior completo;Ciência da computação;2018;4;1;Desenvolvedor;Ágil;5;5; ;4;7;3;3;7;5;3;4;3;6;3;7;7;4;6;7;7;7;4;1,728671193
Masculino;47;Especialização;Engenharia eletrônica;1996;21;6;Desenvolvedor;Tradicional;3;3; ;3;6;4;7;7;6;4;2;5;5;4;7;5;2;7;7;6;7;7;1,733738144
Feminino;36;Mestrado;Ciência da computação;2011;17;14;Gerente;Ágil;10;8; ;2;2;2;4;4;2;5;5;4;6;5;7;7;6;7;6;4;5;6;1,733738144
Feminino;30;Superior completo;Sistemas de Informação;2013;6;5;Testador;Ágil;2;1; ;4;5;5;5;1;1;5;5;5;5;1;5;7;5;6;6;6;6;5;1,73879033
Masculino;23;Superior incompleto;Engenharia da Computação;2020;3;2;Desenvolvedor;Ágil;6;3; ;5;7;1;4;6;5;5;4;5;4;3;6;2;2;3;7;7;4;5;1,743827879
Masculino;41;Mestrado;Ciência da computação;2012;17;17;Desenvolvedor;Ágil;36;24; ;6;7;7;6;6;4;7;6;6;6;2;3;3;4;4;7;7;2;6;1,750522061
Masculino;27;Especialização;Ciência da computação;2019;7;7;Desenvolvedor;Ágil;24;12; ;1;7;4;7;5;2;5;5;4;5;7;7;4;6;5;7;7;7;5;1,75885396
Masculino;22;Superior completo;Sistemas de Informação;2020;4;4;Desenvolvedor;Ágil;4;5; ;3;7;4;1;7;7;5;5;4;7;4;7;7;6;6;7;7;7;7;1,765491168
Feminino;25;Superior incompleto;Sistemas de Informação;2020;4;4;Desenvolvedor;Ágil;36;6; ;3;3;1;5;6;5;2;3;2;5;3;5;4;6;4;7;6;6;7;1,770452745
Masculino;27;Superior completo;Desenvolvimento de jogos;2013;10;10;Desenvolvedor;Híbrida;19;8; ;7;6;4;7;4;2;3;5;7;7;5;7;4;2;6;7;6;7;7;1,773752753
Feminino;24;Superior incompleto;Sistemas Para Internet;2020;2;2;Desenvolvedor;Tradicional;3;3; ;2;6;3;1;6;4;3;6;4;3;3;6;7;3;4;7;6;6;5;1,775400457
Masculino;22;Superior incompleto;Sistemas de Informação;2020;2;1;Desenvolvedor;Ágil;13;11; ;5;4;7;3;5;3;5;5;2;5;1;7;5;4;7;7;2;4;5;1,775400457
Masculino;27;Superior incompleto;Ciência da computação;2020;3;3;Desenvolvedor;Híbrida;100;12; ;3;7;5;4;3;2;5;5;4;4;3;3;2;3;4;7;7;7;7;1,775400457
Masculino;34;Superior completo;Ciência da computação;2015;10;5;Desenvolvedor;Ágil;1;1; ;5;7;4;3;4;2;5;7;4;3;3;7;7;7;7;7;7;6;4;1,781976037
Masculino;34;Superior completo;Análise e Desenvolvimento de sistemas;0;9;4;Analista;Híbrida;122;122; ;4;5;3;7;5;7;3;3;2;5;6;5;3;4;7;7;6;2;7;1,781976037
Feminino;33;Especialização;Sistemas de Informação;2017;2;1;Testador;Ágil;3;3; ;6;7;4;2;7;1;5;7;6;7;7;7;7;7;7;7;7;7;7;1,809655713
Masculino;32;Mestrado;Ciência da computação;2009;9;7;Desenvolvedor;Ágil;3;3; ;7;3;7;7;2;5;7;6;6;5;7;4;2;3;2;4;3;5;6;1,873171623
Masculino;30;Superior incompleto;Sistemas de Informação;2020;12;10;Desenvolvedor;Tradicional;6;2; ;4;7;1;5;3;4;3;7;4;4;3;7;5;3;4;7;7;7;7;1,893355572
Feminino;33;Superior incompleto;Ciência da computação;2021;3;1;Desenvolvedor;Ágil;132;7; ;1;3;4;2;5;3;2;1;3;2;2;6;4;1;7;5;2;7;3;1,916380604
Masculino;21;Superior incompleto;Engenharia da Computação;2021;1;1;Desenvolvedor;Híbrida;10;10; ;4;2;5;7;6;5;7;4;4;6;5;2;2;1;2;7;5;6;7;1,980902978
Masculino;22;Superior completo;Ciência da computação;2018;3;3;Desenvolvedor;Ágil;60;3; ;7;6;2;7;7;6;5;3;2;5;4;7;6;3;7;7;6;3;1;2,040525102
Masculino;23;Especialização;Sistemas de Informação;2019;2;2;Desenvolvedor;Tradicional;48;24; ;4;4;6;1;1;1;4;1;4;5;3;6;6;7;7;2;5;5;5;2,040525102
Masculino;21;Superior incompleto;Engenharia de Software;2020;5;2;Analista;Híbrida;18;2; ;2;5;2;7;3;1;6;3;5;6;2;6;7;6;6;7;7;7;6;2,067571958
Masculino;24;Superior completo;Análise e desenvolvimento de sistemas;2018;2;1;Desenvolvedor;Ágil;16;11; ;5;7;1;4;4;3;4;5;4;7;3;3;3;1;1;7;7;6;7;2,109571615
Masculino;35;Superior incompleto;Analise e desenvolvimento de sistemas;2022;14;6;Testador;Híbrida;7;7; ;7;7;4;7;1;1;4;7;7;7;7;5;1;4;5;7;7;7;7;2,265944157
Masculino;22;Superior incompleto;Ciência da computação;2022;1;1;Analista;Ágil;12;18; ;7;7;2;6;7;1;6;1;3;2;3;5;1;6;3;7;6;2;4;2,291606857
